الرمز,الكمية,السعر الابتدائي,سعر الهدف,سعر الإيقاف,وقت الاغلاق,وقت الفتح,نسبة الربح,نسبة الخسارة,المهلة,الربح,النتيجة,الرصيد المتبقي
THEUSDT,2.1,2.7323,2.7732844999999995,2.677654,2024-12-02 04:17:24.223276,2024-12-02 04:15:42.934905,0.015,0.02,60m,-0.3212999999999999,خسارة,12.8064436
CTXCUSDT,8.0,0.7017,0.7122255,0.687666,2024-12-02 05:32:00.001787,2024-12-02T04:09:38.003646+03:00,0.015,0.02,60m,-0.11439999999999984,خسارة,18.32799342
ILVUSDT,0.099,60.28,61.1842,59.0744,2024-12-02 06:11:04.473583,2024-12-02T05:33:38.867157+03:00,0.015,0.02,60m,0.09008999999999912,ربح,12.41909342
RENDERUSDT,0.68,8.728,8.876375999999999,8.55344,2024-12-02 06:40:26.210924,2024-12-02T02:33:39.755496+03:00,0.015,0.02,60m,-0.12307999999999897,خسارة,6.25521342
THETAUSDT,2.0,2.895,2.944215,2.8371,2024-12-02 07:17:04.941012,2024-12-02T02:34:51.618344+03:00,0.015,0.02,60m,-0.1900000000000004,خسارة,11.72708342
SANDUSDT,9.0,0.6592,0.6690879999999999,0.646016,2024-12-02 07:17:07.309878,2024-12-02T04:36:02.084815+03:00,0.015,0.02,60m,-0.23760000000000048,خسارة,17.42228342
POLYXUSDT,15.6,0.3809,0.3866135,0.373282,2024-12-02 07:17:10.476262,2024-12-02T04:37:05.829958+03:00,0.015,0.02,60m,-0.15386000000000077,خسارة,17.28112342
FLOWUSDT,5.69,1.054,1.06981,1.03292,2024-12-02 07:17:13.305328,2024-12-02T05:52:19.571545+03:00,0.015,0.02,60m,-0.18777000000000044,خسارة,23.08492342
WUSDT,17.8,0.3359,0.3409384999999999,0.329182,2024-12-02 07:17:17.994549,2024-12-02T06:24:27.659702+03:00,0.015,0.02,60m,-0.19936000000000043,خسارة,23.05898342
CAKEUSDT,1.95,3.07,3.1160499999999995,3.0086,2024-12-02 07:17:20.578168,2024-12-02T06:40:28.871660+03:00,0.015,0.02,60m,-0.16379999999999928,خسارة,28.88363342
ENAUSDT,7.62,0.7868,0.798602,0.7710640000000001,2024-12-02 07:32:29.281841,2024-12-02T07:22:04.172934+03:00,0.015,0.02,60m,0.09143999999999952,ربح,11.02193442
TRUUSDT,50.0,0.1185,0.12027749999999998,0.11613,2024-12-02 07:40:17.593266,2024-12-02T07:17:09.461344+03:00,0.015,0.02,60m,0.09000000000000075,ربح,17.03193442
DOGSUSDT,8422.0,0.0007124,0.0007230859999999998,0.000698152,2024-12-02 07:42:13.382521,2024-12-02T07:24:42.593645+03:00,0.015,0.02,60m,0.09264199999999967,ربح,23.12356702
ALGOUSDT,12.0,0.4839,0.49115849999999994,0.474222,2024-12-02 07:52:21.813777,2024-12-02T07:17:14.166540+03:00,0.015,0.02,60m,0.08760000000000012,ربح,29.01676702
XTZUSDT,3.7,1.61,1.63415,1.5778,2024-12-02 08:06:04.458116,2024-12-02T07:17:33.514053+03:00,0.015,0.02,60m,0.09249999999999936,ربح,35.06626702
KSMUSDT,0.151,39.6,40.193999999999996,38.808,2024-12-02 08:08:08.616562,2024-12-02T07:17:56.819873+03:00,0.015,0.02,60m,0.09059999999999935,ربح,29.08584702
ZENUSDT,0.35,16.87,17.12305,16.532600000000002,2024-12-02 08:58:34.969732,2024-12-02T08:33:22.870061+03:00,0.015,0.02,60m,0.0909999999999993,ربح,11.45276702
TAOUSDT,0.0097,607.0,616.1049999999999,594.86,2024-12-02 09:42:05.477640,2024-12-02T08:34:20.417064+03:00,0.015,0.02,60m,0.02646000000000015,إيقاف اجباري,11.30253702
MASKUSDT,1.6,3.689,3.7443349999999995,3.61522,2024-12-02 09:42:08.853344,2024-12-02T08:35:14.773659+03:00,0.015,0.02,60m,0.030400000000000205,إيقاف اجباري,17.23053702
SEIUSDT,9.5,0.6216,0.6309239999999999,0.609168,2024-12-02 09:51:05.232687,2024-12-02T08:34:32.603036+03:00,0.015,0.02,60m,0.03167999999999971,إيقاف اجباري,17.20868702
XLMUSDT,11.0,0.5422,0.550333,0.531356,2024-12-02 10:35:11.056218,2024-12-02T09:05:10.699401+03:00,0.015,0.02,60m,-0.12870000000000026,خسارة,11.07566702
EIGENUSDT,1.63,3.665,3.719975,3.5917,2024-12-02 11:12:04.155144,2024-12-02T10:19:23.394592+03:00,0.015,0.02,60m,0.029339999999999478,إيقاف اجباري,11.06895702
SXPUSDT,13.5,0.4419,0.4485285,0.433062,2024-12-02 11:18:11.252089,2024-12-02T08:28:01.942638+03:00,0.015,0.02,60m,-0.12284999999999968,خسارة,11.27270702
ORDIUSDT,0.15,39.71,40.30565,38.9158,2024-12-02 11:19:05.095296,2024-12-02T09:47:29.114201+03:00,0.015,0.02,60m,-0.12300000000000022,خسارة,11.11119702
ORDIUSDT,0.15,39.72,40.315799999999996,38.925599999999996,2024-12-02 11:19:12.193983,2024-12-02T09:37:28.026428+03:00,0.015,0.02,60m,-0.12599999999999945,خسارة,10.97537702
TRUUSDT,50.0,0.12,0.12179999999999998,0.1176,2024-12-02 11:26:31.936750,2024-12-02T10:35:13.861974+03:00,0.015,0.02,60m,-0.1200000000000001,خسارة,11.04437702
PENDLEUSDT,1.0,5.634,5.71851,5.52132,2024-12-02 11:27:26.996741,2024-12-02T11:15:14.047441+03:00,0.015,0.02,60m,-0.11300000000000043,خسارة,10.60701702
KDAUSDT,5.3,1.1314,1.1483709999999998,1.1087719999999999,2024-12-02 11:37:36.829594,2024-12-02T11:18:13.141633+03:00,0.015,0.02,60m,-0.1272000000000002,خسارة,10.55410702
POLYXUSDT,16.3,0.3638,0.369257,0.356524,2024-12-02 11:39:13.533897,2024-12-02T11:19:07.826568+03:00,0.015,0.02,60m,-0.12136000000000013,خسارة,10.81727702
MASKUSDT,1.6,3.635,3.6895249999999993,3.5622999999999996,2024-12-02 11:39:36.383971,2024-12-02T11:19:14.073605+03:00,0.015,0.02,60m,-0.12159999999999904,خسارة,10.80307702
ACTUSDT,10.8,0.5517,0.5599755,0.540666,2024-12-02 11:40:21.246945,2024-12-02T11:27:07.621530+03:00,0.015,0.02,60m,-0.11988000000000021,خسارة,10.62539702
FXSUSDT,1.6,3.701,3.756515,3.62698,2024-12-02 11:40:38.693691,2024-12-02T11:27:32.661766+03:00,0.015,0.02,60m,-0.1200000000000001,خسارة,10.50039702
FIDAUSDT,18.8,0.3186,0.32337899999999997,0.312228,2024-12-02 11:40:48.320436,2024-12-02T11:39:38.924186+03:00,0.015,0.02,60m,-0.14663999999999966,خسارة,10.90065702
RUNEUSDT,1.0,5.709,5.794634999999999,5.5948199999999995,2024-12-02 11:46:16.440479,2024-12-02T11:39:16.258940+03:00,0.015,0.02,60m,-0.12199999999999989,خسارة,10.52415702
OGUSDT,1.0,5.532,5.614979999999999,5.42136,2024-12-02 11:46:39.748093,2024-12-02T11:37:40.512161+03:00,0.015,0.02,60m,-0.11099999999999977,خسارة,15.95015702
IDUSDT,11.0,0.5421,0.5502315,0.531258,2024-12-02 11:50:40.784667,2024-12-02T11:40:50.338301+03:00,0.015,0.02,60m,0.0934999999999988,ربح,10.05263702
WIFUSDT,1.98,3.017,3.0622549999999995,2.95666,2024-12-02 11:52:41.540941,2024-12-02T11:48:40.793048+03:00,0.015,0.02,60m,0.11484000000000094,ربح,10.15213702
SCRUSDT,6.9,0.859,0.8718849999999999,0.84182,2024-12-02 12:06:42.968550,2024-12-02T11:40:24.864988+03:00,0.015,0.02,60m,0.08969999999999967,ربح,16.16203702
GTCUSDT,5.0,1.17,1.1875499999999999,1.1465999999999998,2024-12-02 12:13:59.195132,2024-12-02T11:48:10.890385+03:00,0.015,0.02,60m,0.09179999999999922,ربح,16.16203702
MANAUSDT,9.0,0.6055,0.6145825,0.59339,2024-12-02 12:27:43.978604,2024-12-02T11:40:42.066929+03:00,0.015,0.02,60m,0.08190000000000008,ربح,27.62753702
USDCUSDT,6.0,0.9995,1.0144925,0.97951,2024-12-02 13:15:06.832989,2024-12-02T12:43:37.952248+03:00,0.015,0.02,60m,0.001200000000000756,إيقاف اجباري,9.71043702
CVXUSDT,1.274,4.704,4.774559999999999,4.60992,2024-12-02 13:39:37.698182,2024-12-02T12:41:16.668807+03:00,0.015,0.02,60m,-0.12239999999999984,خسارة,9.60882902
EURUSDT,5.7,1.0514,1.0671709999999999,1.0303719999999998,2024-12-02 13:39:43.857711,2024-12-02T10:17:20.265601+03:00,0.015,0.02,60m,-5.992979999999999,خسارة,9.62097902
GALAUSDT,141.0,0.04241,0.04304615,0.0415618,2024-12-02 13:43:11.064813,2024-12-02T12:46:03.199607+03:00,0.015,0.02,60m,-0.12267000000000028,خسارة,9.63837902
QNTUSDT,0.053,112.9,114.59349999999999,110.64200000000001,2024-12-02 13:46:04.163932,2024-12-02T11:50:54.018214+03:00,0.015,0.02,60m,-0.12190000000000012,خسارة,9.52849902
DASHUSDT,0.116,51.5,52.272499999999994,50.47,2024-12-02 13:48:05.293232,2024-12-02T13:43:11.984736+03:00,0.015,0.02,60m,-0.14267999999999947,خسارة,9.57565902
LRCUSDT,26.0,0.2297,0.23314549999999998,0.22510599999999997,2024-12-02 13:57:50.380353,2024-12-02T13:17:10.251344+03:00,0.015,0.02,60m,-0.11960000000000015,خسارة,9.49772902
ZROUSDT,0.96,6.188,6.280819999999999,6.06424,2024-12-02 14:12:37.829502,2024-12-02T12:39:36.761289+03:00,0.015,0.02,60m,0.08928000000000047,ربح,9.56828902
CELOUSDT,6.5,0.9165,0.9302474999999999,0.8981699999999999,2024-12-02 14:15:09.944589,2024-12-02T13:58:10.422302+03:00,0.015,0.02,60m,0.09489999999999998,ربح,9.72978902
IOTAUSDT,18.0,0.3214,0.326221,0.31497200000000003,2024-12-02 14:16:41.946941,2024-12-02T13:46:13.639324+03:00,0.015,0.02,60m,0.0918000000000001,ربح,15.60138902
COMPUSDT,0.079,75.05,76.17575,73.54899999999999,2024-12-02 14:21:15.177023,2024-12-02T13:54:10.353346+03:00,0.015,0.02,60m,0.09006000000000025,ربح,21.61723902
SYNUSDT,9.0,0.6645,0.6744674999999999,0.65121,2024-12-02 14:26:40.834720,2024-12-02T13:39:41.040826+03:00,0.015,0.02,60m,0.08999999999999986,ربح,27.68683902
XTZUSDT,3.7,1.55,1.5732499999999998,1.519,2024-12-02 15:12:20.793809,2024-12-02T14:13:03.584220+03:00,0.015,0.02,60m,0.1025999999999998,ربح,21.68710402
HBARUSDT,25.0,0.23622,0.23976329999999998,0.2314956,2024-12-02 15:26:23.427309,2024-12-02T15:15:36.946412+03:00,0.015,0.02,60m,0.09600000000000009,ربح,10.12423427
HBARUSDT,25.0,0.23715,0.24070724999999998,0.232407,2024-12-02 15:26:39.158186,2024-12-02T15:15:08.231672+03:00,0.015,0.02,60m,0.09074999999999989,ربح,10.07056427
GFTUSDT,1221.0,0.00491,0.00498365,0.004811800000000001,2024-12-02 15:27:52.061523,2024-12-02T15:24:03.999401+03:00,0.015,0.02,60m,0.09767999999999954,ربح,16.15114427
SOLUSDT,0.026,224.57,227.93854999999996,220.0786,2024-12-02 15:30:04.825911,2024-12-02T13:42:04.664189+03:00,0.015,0.02,60m,0.02184000000000008,إيقاف اجباري,22.01154427
XVGUSDT,563.0,0.010642,0.01080163,0.01042916,2024-12-02 15:33:01.771874,2024-12-02T15:12:44.589898+03:00,0.015,0.02,60m,0.09064300000000003,ربح,28.08012127
XVGUSDT,565.0,0.010612,0.010771179999999998,0.01039976,2024-12-02 15:39:25.027750,2024-12-02T15:12:16.654680+03:00,0.015,0.02,60m,-0.19492499999999957,خسارة,27.87883327
GFTUSDT,1237.0,0.00485,0.00492275,0.004753,2024-12-02 15:39:33.624548,2024-12-02T15:26:28.999351+03:00,0.015,0.02,60m,0.09895999999999994,ربح,33.97724327
XVGUSDT,584.0,0.010269,0.010423034999999999,0.01006362,2024-12-02 15:54:29.731371,2024-12-02T15:39:53.422446+03:00,0.015,0.02,60m,0.09869599999999945,ربح,8.52147127
PNUTUSDT,5.4,1.1026,1.1191389999999999,1.080548,2024-12-02 16:08:56.546213,2024-12-02T15:48:30.754038+03:00,0.015,0.02,60m,0.09071999999999925,ربح,8.56836327
XVGUSDT,584.0,0.010264,0.01041796,0.01005872,2024-12-02 16:09:00.183197,2024-12-02T15:39:22.401416+03:00,0.015,0.02,60m,0.09051999999999971,ربح,14.65247527
CVXUSDT,1.297,4.624,4.693359999999999,4.5315199999999995,2024-12-02 16:39:07.399114,2024-12-02T16:03:11.396013+03:00,0.015,0.02,60m,0.22308400000000006,ربح,16.91996227
PNUTUSDT,5.4,1.105,1.1215749999999998,1.0829,2024-12-02 16:39:29.560620,2024-12-02T15:48:02.385162+03:00,0.015,0.02,60m,0.08963999999999928,ربح,22.97876227
SOLUSDT,0.026,223.61,226.96415,219.1378,2024-12-02 16:42:20.412961,2024-12-02T15:45:44.669754+03:00,0.015,0.02,60m,-5.81386,خسارة,16.90592727
XVGUSDT,605.0,0.009909,0.010057634999999999,0.009710819999999998,2024-12-02 16:54:11.908215,2024-12-02T16:42:17.689512+03:00,0.015,0.02,60m,0.09075000000000077,ربح,16.97939427
XVGUSDT,602.0,0.009966,0.010115489999999998,0.00976668,2024-12-02 17:16:14.812977,2024-12-02T16:42:46.504102+03:00,0.015,0.02,60m,0.0927080000000009,ربح,11.11717827
KAIAUSDT,20.1,0.2959,0.30033849999999995,0.289982,2024-12-02 17:20:57.549747,2024-12-02T17:12:28.764344+03:00,0.015,0.02,60m,0.09090000000000042,ربح,11.16246827
SOLUSDT,0.026,223.6,226.95399999999998,219.128,2024-12-02 17:33:04.714201,2024-12-02T15:45:15.886383+03:00,0.015,0.02,60m,0.08216000000000001,إيقاف اجباري,17.05718827
DASHUSDT,0.116,51.39,52.160849999999996,50.3622,2024-12-02 17:40:14.839681,2024-12-02T17:12:12.073173+03:00,0.015,0.02,60m,0.09396000000000093,ربح,17.08736071
ZROUSDT,0.93,6.321,6.415814999999999,6.194579999999999,2024-12-02 17:42:03.827150,2024-12-02T16:39:30.790431+03:00,0.015,0.02,60m,0.04888000000000048,إيقاف اجباري,29.06828071
ZROUSDT,0.93,6.327,6.421905,6.20046,2024-12-02 17:42:14.326134,2024-12-02T16:39:02.630298+03:00,0.015,0.02,60m,0.029139999999999056,إيقاف اجباري,23.06722471
XVGUSDT,622.0,0.009635,0.009779524999999999,0.009442299999999999,2024-12-02 17:44:12.714449,2024-12-02T17:42:10.948346+03:00,0.015,0.02,60m,0.09267800000000026,ربح,29.07793271
XVGUSDT,619.0,0.009679,0.009824185,0.00948542,2024-12-02 17:46:47.022295,2024-12-02T17:42:39.248062+03:00,0.015,0.02,60m,-0.12380000000000013,خسارة,28.95770971
XVGUSDT,610.0,0.009826,0.009973389999999999,0.00962948,2024-12-02 17:48:28.859832,2024-12-02T17:44:26.223766+03:00,0.015,0.02,60m,-0.15310999999999986,خسارة,28.80050971
XVGUSDT,627.0,0.009566,0.00970949,0.00937468,2024-12-02 17:55:02.642302,2024-12-02T17:48:25.355675+03:00,0.015,0.02,60m,-0.13480500000000006,خسارة,28.76235106
XVGUSDT,627.0,0.009562,0.009705429999999998,0.009370759999999999,2024-12-02 17:57:07.473764,2024-12-02T17:48:53.665933+03:00,0.015,0.02,60m,-0.16803599999999985,خسارة,28.59432406
XVGUSDT,645.0,0.009292,0.00943138,0.00910616,2024-12-02 18:01:00.403981,2024-12-02T17:57:03.397083+03:00,0.015,0.02,60m,0.0909450000000005,ربح,28.67172406
XVGUSDT,645.0,0.009301,0.009440515,0.00911498,2024-12-02 18:06:12.075146,2024-12-02T17:57:32.861815+03:00,0.015,0.02,60m,-0.2625149999999996,خسارة,28.39768006
XVGUSDT,674.0,0.008902,0.00903553,0.00872396,2024-12-02 18:15:13.847663,2024-12-02T18:06:08.449983+03:00,0.015,0.02,60m,0.09166399999999975,ربح,10.76370406
ZROUSDT,0.96,6.197,6.289954999999999,6.07306,2024-12-02 18:24:08.488497,2024-12-02T18:09:07.707993+03:00,0.015,0.02,60m,0.09311999999999987,ربح,16.80306406
THEUSDT,2.3,2.4614,2.4983209999999993,2.412172,2024-12-02 18:43:40.604856,2024-12-02T18:06:48.600905+03:00,0.015,0.02,60m,0.08903999999999979,ربح,22.55214406
ZROUSDT,0.96,6.208,6.301119999999999,6.08384,2024-12-02 18:48:49.422599,2024-12-02T18:09:34.480104+03:00,0.015,0.02,60m,0.10272000000000059,ربح,28.60974406
THEUSDT,2.3,2.46,2.4968999999999997,2.4108,2024-12-02 18:49:22.350492,2024-12-02T18:06:20.052761+03:00,0.015,0.02,60m,0.08952000000000027,ربح,34.34709406
CELOUSDT,6.2,0.9658,0.9802869999999999,0.946484,2024-12-02 19:09:05.345645,2024-12-02T17:16:20.808963+03:00,0.015,0.02,60m,0.039060000000000095,إيقاف اجباري,28.40727406
EOSUSDT,5.2,1.1497,1.1669454999999997,1.126706,2024-12-02 19:09:42.673653,2024-12-02T18:54:20.963003+03:00,0.015,0.02,60m,0.0941200000000002,ربح,34.47775406
EOSUSDT,5.2,1.1505,1.1677575,1.12749,2024-12-02 19:21:15.640819,2024-12-02T18:54:47.421220+03:00,0.015,0.02,60m,0.14663999999999966,ربح,34.61899406
GFTUSDT,1263.0,0.00475,0.004821249999999999,0.004654999999999999,2024-12-02 19:29:01.277550,2024-12-02T19:21:43.136036+03:00,0.015,0.02,60m,-0.12630000000000052,خسارة,4.91507406
PHBUSDT,2.7,2.159,2.1913849999999995,2.11582,2024-12-02 20:39:48.429577,2024-12-02T19:24:05.863465+03:00,0.015,0.02,60m,-0.11879999999999935,خسارة,14.99418126
ZKUSDT,28.0,0.2138,0.21700699999999998,0.209524,2024-12-02 20:39:59.620433,2024-12-02T19:24:29.368372+03:00,0.015,0.02,60m,-0.16239999999999988,خسارة,14.81533326
GFTUSDT,1257.0,0.00477,0.004841549999999999,0.0046746,2024-12-02 20:44:10.411046,2024-12-02T19:21:12.341550+03:00,0.015,0.02,60m,-0.12570000000000014,خسارة,8.80369326
ZROUSDT,0.96,6.216,6.30924,6.09168,2024-12-02 20:53:51.219853,2024-12-02T19:24:23.092118+03:00,0.015,0.02,60m,-0.12096000000000018,خسارة,3.01969326
XTZUSDT,3.7,1.594,1.61791,1.56212,2024-12-02 21:18:06.235251,2024-12-02T19:24:18.691492+03:00,0.015,0.02,60m,0.059200000000000585,إيقاف اجباري,7.86635326
PHBUSDT,2.7,2.129,2.160935,2.08642,2024-12-02 21:18:24.967068,2024-12-02T20:40:29.178048+03:00,0.015,0.02,60m,0.0895999999999999,ربح,13.69835326
JASMYUSDT,205.1,0.02923,0.029668449999999996,0.028645399999999998,2024-12-02 21:19:09.922058,2024-12-02T20:39:54.654342+03:00,0.015,0.02,60m,0.09028799999999926,ربح,19.78572126
PHBUSDT,2.7,2.114,2.14571,2.07172,2024-12-02 21:54:31.679137,2024-12-02T20:40:03.866993+03:00,0.015,0.02,60m,0.1792000000000007,ربح,13.78590926
ATOMUSDT,0.68,8.751,8.882264999999999,8.57598,2024-12-02 21:54:35.086741,2024-12-02T21:01:31.872554+03:00,0.015,0.02,60m,0.23800000000000043,ربح,25.84366926
HBARUSDT,20.0,0.28708,0.2899508,0.2827738,2024-12-02 22:32:24.036512,2024-12-02T22:18:07.106199+03:00,0.01,0.015,60m,0.07620000000000005,ربح,7.95186592
FARMUSDT,0.101,58.73,59.317299999999996,57.84905,2024-12-02 22:53:42.243178,2024-12-02T22:50:21.197182+03:00,0.01,0.015,60m,-0.1591199999999997,خسارة,7.72341592
IOUSDT,1.91,3.141,3.17241,3.0938849999999998,2024-12-02 23:09:05.076297,2024-12-02T22:12:31.254142+03:00,0.01,0.015,60m,0.030560000000000365,إيقاف اجباري,13.81011289
NEARUSDT,0.8,6.701,6.768009999999999,6.600485,2024-12-02 23:10:57.494233,2024-12-02T22:12:26.945426+03:00,0.01,0.015,60m,0.054400000000000226,ربح,13.81011289
THEUSDT,2.3,2.41,2.44615,2.3618,2024-12-02 23:12:26.808218,2024-12-02T20:44:26.318959+03:00,0.01,0.015,60m,0.08807999999999971,ربح,24.85088289
ENAUSDT,7.41,0.8087,0.8208304999999999,0.792526,2024-12-02 23:15:44.250726,2024-12-02T21:55:06.852019+03:00,0.01,0.015,60m,0.09188400000000119,ربح,30.93301089
ENAUSDT,7.42,0.8086,0.8207289999999999,0.792428,2024-12-02 23:18:12.501835,2024-12-02T21:54:27.947399+03:00,0.01,0.015,60m,0.11204200000000064,ربح,30.93301089
CVXUSDT,1.179,5.087,5.163304999999999,4.985259999999999,2024-12-03 00:04:46.182240,2024-12-02T23:30:36.610389+03:00,0.015,0.02,60m,-0.12261599999999984,خسارة,24.876136
HBARUSDT,20.0,0.2861,0.29039149999999997,0.280378,2024-12-03 00:12:36.433365,2024-12-03T00:08:23.180351+03:00,0.015,0.02,60m,-0.11640000000000139,خسارة,0.43555742
VETUSDT,114.0,0.05261,0.05339914999999999,0.051557799999999994,2024-12-03 00:15:52.963765,2024-12-03T00:09:29.823744+03:00,0.015,0.02,60m,0.09234000000000009,ربح,6.03715742
IOSTUSDT,616.0,0.009729,0.009874935,0.00953442,2024-12-03 00:16:31.015120,2024-12-03T00:06:11.517045+03:00,0.015,0.02,60m,0.09178400000000053,ربح,18.20609342
ASTRUSDT,75.7,0.0792,0.080388,0.077616,2024-12-03 00:38:08.361025,2024-12-03T00:09:25.089205+03:00,0.01,0.02,60m,0.09084000000000003,ربح,6.30456242
REZUSDT,106.7,0.05619,0.05703284999999999,0.055066199999999996,2024-12-03 00:45:38.631364,2024-12-03T00:22:34.585512+03:00,0.01,0.02,60m,0.09282900000000094,ربح,6.30456242
SUNUSDT,255.0,0.02351,0.023862649999999996,0.0230398,2024-12-03 00:45:43.066190,2024-12-03T00:21:52.295615+03:00,0.01,0.02,60m,0.0918000000000001,ربح,18.47739942
WIFUSDT,1.97,3.04,3.0856,2.9792,2024-12-03 02:03:20.724388,2024-12-03T00:07:49.755018+03:00,0.01,0.02,60m,0.09061999999999948,ربح,6.59992403
BONKUSDT,143334.0,4.186e-05,4.24879e-05,4.10228e-05,2024-12-03 02:03:24.393028,2024-12-03T00:09:13.338088+03:00,0.01,0.02,60m,0.09030042000000016,ربح,12.68731901
ZROUSDT,0.96,6.202,6.26402,6.07796,2024-12-03 02:03:28.725796,2024-12-03T01:02:30.265734+03:00,0.01,0.02,60m,0.06240000000000023,ربح,18.69691901
LUNCUSDT,42909.24,0.00013983,0.0001412283,0.0001370334,2024-12-03 02:04:15.172032,2024-12-03T01:04:53.108086+03:00,0.01,0.02,60m,0.06007293600000008,ربح,24.75355823
SANTOSUSDT,1.31,4.559,4.627384999999999,4.46782,2024-12-03 02:25:31.863319,2024-12-02T23:45:35.910446+03:00,0.01,0.02,60m,0.09039000000000019,ربح,6.94023823
FILUSDT,0.82,7.234,7.30634,7.08932,2024-12-03 02:33:29.732518,2024-12-03T02:21:23.205710+03:00,0.01,0.02,60m,0.05986000000000047,ربح,12.93033823
COTIUSDT,37.0,0.16166,0.16408489999999998,0.1584268,2024-12-03 02:36:29.752240,2024-12-03T00:21:08.920585+03:00,0.01,0.02,60m,0.09619999999999962,ربح,13.08839823
CVXUSDT,1.239,4.839,4.887390000000001,4.7422200000000005,2024-12-03 02:50:09.898147,2024-12-03T02:38:43.893292+03:00,0.01,0.02,60m,0.060710999999999515,ربح,7.21671623
FTTUSDT,2.39,2.5067,2.531767,2.456566,2024-12-03 03:01:12.994482,2024-12-03T01:06:49.569911+03:00,0.01,0.02,60m,0.06692000000000053,ربح,7.36673223
CFXUSDT,26.0,0.2272,0.229472,0.22265600000000002,2024-12-03 03:13:35.825173,2024-12-03T02:50:25.187600+03:00,0.01,0.02,60m,0.06759999999999966,ربح,7.43743223
EOSUSDT,5.2,1.1162,1.1273620000000002,1.093876,2024-12-03 03:15:04.230999,2024-12-03T02:35:44.976475+03:00,0.01,0.02,60m,0.05988999999999933,ربح,13.30251223
NEOUSDT,0.33,17.99,18.1699,17.6302,2024-12-03 03:15:18.493198,2024-12-03T02:14:26.248592+03:00,0.01,0.02,60m,0.05940000000000101,ربح,13.30251223
LTCUSDT,0.044,134.68,136.0268,131.9864,2024-12-03 03:26:53.075492,2024-12-03T02:41:31.717350+03:00,0.01,0.02,60m,-0.11967999999999979,خسارة,7.43595223
CAKEUSDT,1.89,3.171,3.2027099999999997,3.1075799999999996,2024-12-03 03:38:56.233442,2024-12-03T03:27:23.879655+03:00,0.01,0.02,60m,0.06048000000000009,ربح,7.48698223
ROSEUSDT,50.6,0.11848,0.1196648,0.1161104,2024-12-03 03:47:02.578231,2024-12-03T03:41:38.983298+03:00,0.01,0.02,60m,0.06021400000000021,ربح,7.65777207
ICPUSDT,0.44,13.597,13.73297,13.325059999999999,2024-12-03 04:06:38.118336,2024-12-03T03:22:15.448062+03:00,0.01,0.02,60m,0.06247999999999987,ربح,7.70483807
ENAUSDT,7.22,0.8307,0.839007,0.814086,2024-12-03 04:08:12.157283,2024-12-03T03:56:19.633864+03:00,0.01,0.02,60m,0.06064799999999959,ربح,13.76675007
ETHFIUSDT,2.2,2.623,2.64923,2.5705400000000003,2024-12-03 04:56:40.885881,2024-12-03T03:16:15.393470+03:00,0.01,0.02,60m,-0.11660000000000093,خسارة,7.43154007
MEMEUSDT,371.0,0.01617,0.0163317,0.0158466,2024-12-03 05:37:41.256115,2024-12-03T04:13:10.145203+03:00,0.01,0.02,60m,0.06306999999999974,ربح,7.51253007
COWUSDT,14.4,0.4148,0.418948,0.406504,2024-12-03 05:48:53.044823,2024-12-03T04:57:02.967502+03:00,0.01,0.02,60m,0.06048000000000009,ربح,13.54469007
ARBUSDT,5.7,1.0175,1.0276750000000001,0.9971500000000001,2024-12-03 05:50:04.703262,2024-12-03T03:03:12.690277+03:00,0.01,0.02,60m,0.059159999999999435,ربح,19.40486007
SCRUSDT,6.2,0.938,0.94738,0.91924,2024-12-03 07:08:39.124944,2024-12-03T03:17:39.076221+03:00,0.01,0.02,60m,0.06299999999999972,ربح,25.27626007
RONINUSDT,2.69,2.227,2.24927,2.18246,2024-12-03 09:04:31.544658,2024-12-03T04:12:57.583451+03:00,0.01,0.02,60m,0.06456000000000017,ربح,31.33145007
COTIUSDT,37.0,0.16081,0.1624181,0.1575938,2024-12-03 19:01:17.749464,2024-12-03T18:48:38.136537+03:00,0.01,0.02,60m,0.06215999999999955,ربح,10.7602136
ROSEUSDT,49.2,0.12189,0.1231089,0.1194522,2024-12-03 19:01:21.610581,2024-12-03T18:48:20.182292+03:00,0.01,0.02,60m,0.07183200000000056,ربح,16.8329696
AUCTIONUSDT,0.31,18.88,19.0688,18.502399999999998,2024-12-03 19:01:30.506847,2024-12-03T18:49:09.357892+03:00,0.01,0.02,60m,0.058900000000000396,ربح,22.7415696
RUNEUSDT,0.9,6.637,6.70337,6.5042599999999995,2024-12-03 19:06:06.761918,2024-12-03T18:56:30.519775+03:00,0.01,0.02,60m,0.0602999999999998,ربح,28.7751696
EIGENUSDT,1.55,3.853,3.8915300000000004,3.7759400000000003,2024-12-03 19:28:32.381529,2024-12-03T19:17:16.095271+03:00,0.01,0.02,60m,0.06355000000000022,ربح,13.9463896
COMPUSDT,0.068,87.19,88.0619,85.44619999999999,2024-12-03 19:29:31.939746,2024-12-03T19:19:47.175132+03:00,0.01,0.02,60m,0.06051999999999946,ربح,19.9337896
CETUSUSDT,14.8,0.4028,0.40682799999999997,0.394744,2024-12-03 19:29:44.316975,2024-12-03T19:20:41.329168+03:00,0.01,0.02,60m,0.06067999999999962,ربح,25.9529496
IOTAUSDT,11.0,0.5267,0.531967,0.5161659999999999,2024-12-03 19:47:53.408445,2024-12-03T19:39:29.275719+03:00,0.01,0.02,60m,0.06160000000000032,ربح,8.2118896
DGBUSDT,304.5,0.0197,0.019896999999999998,0.019305999999999997,2024-12-03 19:51:22.811782,2024-12-03T19:48:03.367367+03:00,0.01,0.02,60m,-0.12484499999999876,خسارة,8.0687746
WOOUSDT,18.1,0.3285,0.331785,0.32193,2024-12-03 20:06:37.150519,2024-12-03T19:42:03.633220+03:00,0.01,0.02,60m,-0.12012,خسارة,5.82639
ZROUSDT,1.0,5.956,6.015560000000001,5.836880000000001,2024-12-03 20:39:30.751711,2024-12-03T19:41:31.642532+03:00,0.01,0.02,60m,0.05999999999999961,ربح,0.0
STRKUSDT,8.86,0.6759,0.6826589999999999,0.6623819999999999,2024-12-03 20:40:16.518046,2024-12-03T19:51:43.116054+03:00,0.01,0.02,60m,0.06386400000000059,ربح,12.063608
DGBUSDT,328.5,0.01826,0.0184426,0.0178948,2024-12-03 21:48:59.735039,2024-12-03T21:33:22.142313+03:00,0.01,0.02,60m,0.06570000000000054,ربح,7.01883158
ALGOUSDT,11.0,0.5282,0.533482,0.517636,2024-12-03 21:58:12.594947,2024-12-03T21:49:09.728228+03:00,0.01,0.02,60m,0.05830000000000002,ربح,7.09166158
DENTUSDT,3144.0,0.001908,0.00192708,0.00186984,2024-12-03 22:04:53.401433,2024-12-03T21:36:26.342816+03:00,0.01,0.02,60m,-0.12261599999999984,خسارة,6.98462758
TRXUSDT,21.6,0.2762,0.278962,0.27067599999999997,2024-12-03 22:31:46.111208,2024-12-03T21:03:24.853153+03:00,0.01,0.02,60m,0.06727000000000061,ربح,7.07975758
1000SATSUSDT,19224.0,0.0003121,0.000315221,0.000305858,2024-12-03 22:41:33.029656,2024-12-03T22:33:31.642531+03:00,0.01,0.02,60m,0.061516799999999705,ربح,7.13742958
BANANAUSDT,0.102,58.07,58.6507,56.9086,2024-12-03 23:04:24.646415,2024-12-03T21:50:25.777340+03:00,0.015,0.02,60m,0.06076999999999977,ربح,6.97116548
RSRUSDT,287.8,0.020838,0.021150569999999997,0.02042124,2024-12-03 23:08:13.212351,2024-12-03T22:58:16.733575+03:00,0.015,0.02,60m,0.09932549999999996,ربح,7.21005368
1000SATSUSDT,19249.0,0.0003117,0.00031637549999999993,0.000305466,2024-12-03 23:35:11.953254,2024-12-03T22:58:46.423747+03:00,0.01,0.02,60m,0.09239520000000034,ربح,7.73917303
RAYUSDT,1.1,4.936,5.010039999999999,4.83728,2024-12-04 00:13:51.420840,2024-12-03T23:05:45.236666+03:00,0.01,0.02,60m,0.09240000000000048,ربح,7.29227303
SUIUSDT,1.5,3.7675,3.805175,3.69215,2024-12-04 00:22:02.724915,2024-12-03T23:23:10.302779+03:00,0.01,0.02,60m,0.0636000000000001,ربح,13.00967303
XVGUSDT,334.0,0.017944,0.01812344,0.017585120000000003,2024-12-04 00:25:04.054700,2024-12-04T00:24:06.728852+03:00,0.01,0.02,60m,0.0637939999999988,ربح,13.10319303
XVGUSDT,330.0,0.018127,0.01830827,0.01776446,2024-12-04 00:27:52.445216,2024-12-04T00:27:02.863629+03:00,0.01,0.02,60m,0.06006,ربح,13.15665303
CVXUSDT,1.094,5.483,5.565244999999999,5.37334,2024-12-04 00:29:25.027477,2024-12-03T22:57:01.204749+03:00,0.01,0.02,60m,0.09298999999999946,ربح,19.24038703
TONUSDT,0.9,6.617,6.68317,6.48466,2024-12-04 01:40:31.841433,2024-12-03T23:42:43.666338+03:00,0.015,0.02,60m,0.0602999999999998,ربح,6.0129
HOTUSDT,1630.0,0.003679,0.0037341849999999997,0.00360542,2024-12-04 02:00:48.763019,2024-12-04T00:31:38.674511+03:00,0.015,0.02,60m,0.09454000000000029,ربح,6.38215
ALGOUSDT,11.0,0.5386,0.5466789999999999,0.527828,2024-12-04 02:08:21.054902,2024-12-04T02:02:36.479775+03:00,0.015,0.02,60m,-0.12319999999999975,خسارة,6.26775
YGGUSDT,7.8,0.7646,0.7760689999999999,0.749308,2024-12-04 03:13:35.473342,2024-12-04T00:45:16.820414+03:00,0.01,0.02,60m,0.09048000000000034,ربح,6.36489
FTTUSDT,2.27,2.6335,2.6730025,2.58083,2024-12-04 03:23:43.975856,2024-12-04T00:34:42.882555+03:00,0.01,0.02,60m,0.09465899999999916,ربح,0.36729
PORTALUSDT,11.9,0.5036,0.5086360000000001,0.493528,2024-12-04 03:25:32.627469,2024-12-04T03:14:38.513525+03:00,0.01,0.02,60m,0.060689999999999245,ربح,12.492788
NEOUSDT,0.24,24.19,24.431900000000002,23.7062,2024-12-04 03:28:15.924298,2024-12-04T03:26:50.784574+03:00,0.01,0.02,60m,0.05999999999999961,ربح,6.55502
DOGEUSDT,14.0,0.40865,0.41477974999999995,0.400477,2024-12-04 03:32:50.420533,2024-12-04T01:54:38.832063+03:00,0.01,0.02,60m,0.08666000000000018,ربح,0.54510511
XECUSDT,110213.0,5.444e-05,5.49844e-05,5.33512e-05,2024-12-04 03:33:50.055650,2024-12-04T03:30:41.445118+03:00,0.01,0.02,60m,0.060617149999999675,ربح,12.4075652
ACTUSDT,11.4,0.5226,0.5304389999999999,0.5121479999999999,2024-12-04 03:54:15.222530,2024-12-04T02:09:30.110602+03:00,0.01,0.02,60m,0.09006000000000025,ربح,6.5962352
UNIUSDT,0.39,15.032,15.18232,14.73136,2024-12-04 04:00:21.025400,2024-12-04T03:37:38.394251+03:00,0.01,0.02,60m,0.06746999999999925,ربح,6.5727452
DENTUSDT,3146.0,0.001907,0.00192607,0.00186886,2024-12-04 04:04:39.626537,2024-12-04T03:26:09.665291+03:00,0.01,0.02,60m,-0.12269400000000008,خسارة,6.4502472
LPTUSDT,0.36,16.461,16.625609999999998,16.13178,2024-12-04 04:36:19.081307,2024-12-04T04:04:48.629390+03:00,0.01,0.02,60m,0.06084000000000067,ربح,6.4992072
CHZUSDT,50.0,0.1192,0.120392,0.116816,2024-12-04 04:37:02.044671,2024-12-04T03:57:14.196120+03:00,0.01,0.02,60m,0.0649999999999995,ربح,12.5192072
ANKRUSDT,124.4,0.04821,0.0486921,0.047245800000000004,2024-12-04 04:58:39.579351,2024-12-04T04:00:51.047529+03:00,0.01,0.02,60m,0.06095599999999912,ربح,18.5787312
TRBUSDT,0.07,84.48,85.32480000000001,82.7904,2024-12-04 05:10:19.641651,2024-12-04T03:39:22.249035+03:00,0.01,0.02,60m,-0.1199899999999996,خسارة,0.7776712
SUSHIUSDT,4.0,1.441,1.45541,1.41218,2024-12-04 05:14:13.470914,2024-12-04T05:06:53.769079+03:00,0.01,0.02,60m,-0.12710000000000132,خسارة,6.2151912
EIGENUSDT,1.52,3.922,3.9612200000000004,3.84356,2024-12-04 05:45:00.708124,2024-12-04T05:04:07.186764+03:00,0.01,0.02,60m,-0.12008000000000063,خسارة,5.84288
CVXUSDT,1.108,5.415,5.46915,5.3067,2024-12-04 06:13:08.779352,2024-12-04T05:14:07.356568+03:00,0.01,0.02,60m,0.06204799999999988,ربح,6.056328
YGGUSDT,7.7,0.7698,0.777498,0.7544040000000001,2024-12-04 06:29:18.915497,2024-12-04T05:03:18.324869+03:00,0.01,0.02,60m,0.059289999999998955,ربح,6.98598
RUNEUSDT,0.8,6.794,6.86194,6.658119999999999,2024-12-04 06:30:11.472712,2024-12-04T05:14:24.077342+03:00,0.01,0.02,60m,0.054400000000000226,ربح,12.47318
